,No,name,text_true,text_recognize,emo_true,met
0,0,../dataset/RESD_csv/test/neutral_fear_27/27_neutral_fear_n_100.wav,"Вам дадут целый минимальный оклад, но при этом вам не надо будет ходить на работу. Это же счастье. Я бы просто мечтал вот прям сегодня уйти на пенсию. Я так вам завидую.", Вам дадут целый минимальный аклад. Но при   этом вам не  надо будет ходить на  Работу. Это же счастье. Я бы   просто мечтал вот  прям  Сегодня уйти на пенсию. Я так вам  заведу.,neutral,0.15625
1,1,../dataset/RESD_csv/test/08_sadness_anger/08_sadness_anger a_010.wav,Сколько можно звонить?, Сколько  Можно звонить?,anger,0.3333333333333333
2,2,../dataset/RESD_csv/test/enthusiasm_happiness_26/26_enthusiasm_happiness_e_120.wav,А как долго тебе нужно это всё узнавать?, Как  Долго тебе нужно это все  узнавайте.,enthusiasm,0.875
3,3,../dataset/RESD_csv/test/anger_fear_42/42_anger_fear_a_190.wav,Ну а мне в 5 часов вставать на работу!, Но он мне в 5 часов вставать на  работу.,anger,0.3333333333333333
4,4,../dataset/RESD_csv/test/04_fear_enthusiasm/04_fear_enthusiasm f_090.wav,"Честно, я не подскажу, ну как и обычно, любым другим телевизорам. Можете все-таки отдать деньги в руки, зачем мне ходить по вашей квартире? Давайте лучше так сделаем."," Я не  поскажу, но как я  обычно для любым  другим телевизором. можете все-таки вода   деньги в руки, зачем мне ходить по  вашей квартире.   Давайте лучше так сделаем.",fear,0.4444444444444444
5,5,../dataset/RESD_csv/test/enthusiasm_sadness_15/15_enthusiasm_sadness_e_020.wav,"Хорошо. Расскажите, какой у вас предположительный уровень?"," Хорошо.   расскажите, какой у вас предположительно уровень?",enthusiasm,0.2857142857142857
6,7,../dataset/RESD_csv/test/neutral_anger_44/44_neutral_anger_a_040.wav,Кто вас не принимает?,,anger,0.0
7,10,../dataset/RESD_csv/test/fear_enthusiasm_31/31_fear_enthusiasm_f_080.wav,"Ну в каком смысле переувеличивать, если приезжала скорая? Меня чуть не увезли в больницу. Я их уговорила только потому, что ты должна прийти домой."," Если приезжала скоро,   Меня чуть не увезли больницу. Я икунговарил только потому, что... Я икун говорил только потому, что ты ида уже на притин  должна прийти  Тиндомой.",fear,1.0
8,11,../dataset/RESD_csv/test/sadness_happiness_49/49_sadness_happiness_s_090.wav,"Ладно, я беру всё и начинаю мыть"," Ладно, я  Беру все,  Начинаем мыть.",sadness,0.5714285714285714
9,14,../dataset/RESD_csv/test/enthusiasm_neutral_43/43_enthusiasm_neutral_e_150.wav,"Хорошо, ну, я подумаю."," Хорошо, ну, я  подумал.",enthusiasm,0.25
10,15,../dataset/RESD_csv/test/11_disgust_anger/11_anger_disgust a_040.wav,Yeah.,,anger,0.0
11,16,../dataset/RESD_csv/test/enthusiasm_neutral_37/37_enthusiasm_neutral_n_050.wav,У меня получается хорошо ездить по городу. И вообще у меня проблем нету. Я хорошо вожу. Ничего сложного нет., У меня  Получается    Ничего сложного  нет.,neutral,0.21052631578947367
12,17,../dataset/RESD_csv/test/sadness_anger_39/39_sadness_anger_a_100.wav,"Господи, ну что мы вам сделаем? От того, что мы ему что-нибудь уколем, ничего не изменится. Он труп!"," Господи, ну что мы вам  сделаем? А то что мы ему   что-нибудь уколи? Мне   чего не изменится, он труб!",anger,0.4444444444444444
13,20,../dataset/RESD_csv/test/anger_fear_42/42_anger_fear_a_140.wav,"Вот пойдемте еще, пройдемте по другим квартирам спросим, мешает вам спать ваш ребенок ваш?"," Подойдемте, подругим квартиром   спросим. Мешает,   Успать вам ваши ребенок  ваш.",anger,0.7142857142857143
14,24,../dataset/RESD_csv/test/10_happiness_anger/10_happiness_anger a_110.wav,"А я, представь себе, нет!", А я представь  Себен нет.,anger,0.6
15,25,../dataset/RESD_csv/test/fear_anger_22/22_fear_anger_f_140.wav,"Вот заедем, вон кофе попьем.",,fear,0.0
16,26,../dataset/RESD_csv/test/11_disgust_anger/11_anger_disgust d_190.wav,"А ты знаешь, кто на нём катался?",,disgust,0.0
17,27,../dataset/RESD_csv/test/happiness_neutral_23/23_happiness_neutral_h_180.wav,"Правильно, он счастливый. И заметь, в этом году 13-е не в пятницу, а в среду.", И   заметить в  этом году 13-е не в пятницу. А в   среду?,happiness,0.7333333333333333
18,28,../dataset/RESD_csv/test/08_sadness_anger/08_sadness_anger a_020.wav,"Да мы с вами уже тридцатый раз подбираем, и все время вам одобряют эту ипотеку. Сколько можно уже?"," Домы с вами уже 30  раз,  Бираем. А  добре от этого и  потеку. Сколько  можно уже?",anger,0.8888888888888888
19,29,../dataset/RESD_csv/test/fear_anger_22/22_fear_anger_a_020.wav,"Вот и замечательно! Чем больше будешь рулить, тем быстрее и лучше научишься водить!"," Ну вот это замечательно, чем  больше будет ширулетим,  быстрее  лучше научиться водить  вообще.",anger,0.9230769230769231
20,30,../dataset/RESD_csv/test/neutral_anger_44/44_neutral_anger_n_170.wav,"Женщина, успокойтесь."," Женщина,  Спокойно.",neutral,0.5
21,31,../dataset/RESD_csv/test/06_happiness_enthusiasm/06_happiness_enthusiasm e_010.wav,Привет!,,enthusiasm,0.0
22,33,../dataset/RESD_csv/test/fear_enthusiasm_31/31_fear_enthusiasm_f_130.wav,А среди них были совершеннолетние.,,fear,0.0
23,34,../dataset/RESD_csv/test/sadness_enthusiasm_24/24_sadness_enthusiasm_e_080.wav,"Бодрит, наверное.",,enthusiasm,0.0
24,35,../dataset/RESD_csv/test/happiness_fear_29/29_happiness_fear_h_030.wav,"Да, вы не бойтесь, вы скажите, что бы вам хотелось, и мы рады будем доставить вам любую еду. И очень быстро."," Да вы не будете, вы  скажите, что бы вам  хотелось и мы   рады будем  Доставить вам  любую еду и   очень быстро!",happiness,0.3333333333333333
25,37,../dataset/RESD_csv/test/neutral_anger_44/44_neutral_anger_a_060.wav,"Очередь подождет, девушка, примите мои деньги! Примите мои деньги, она совсем... Посмотрите, она совсем не рван... Чуть-чуть надорвана. Вы сходите, обменяйте в банк."," Да и очень речь подождиот девушка,    Примите мои деньги.  Посмотрите, она совсем нерван.  чуть-чуть по надору, но вы исходите обменяете в  обменять в банк!",anger,0.9130434782608695
26,38,../dataset/RESD_csv/test/04_fear_enthusiasm/04_fear_enthusiasm e_150.wav,"Оооо, нет в комплекте батареек, а как же я буду проверять?"," У, нет, комплектеботрию, как же я   буду  проверять.",enthusiasm,0.7272727272727273
27,39,../dataset/RESD_csv/test/neutral_enthusiasm_13/13_neutral_enthusiasm_n_070.wav,"Там ничего не меняется, всё так же, как я вам сказала. Безлимитные мессенджеры, безлимитные соцсети, безлимитные сообщения."," Там ничего не меняется. Все так же, как я вам   сказала, безлимитная масса, жиры, безлимитная, суттеть и безлимитная. Митная масса жира безлимитная соцсети безлимитная   сообщения.",neutral,0.5294117647058824
28,41,../dataset/RESD_csv/test/neutral_enthusiasm_13/13_neutral_enthusiasm_e_052.wav,"роуминг бесплатный или что-либо подобное. Вот я иногда выезжаю, кого я не познакомил, можно мнесто хорошо начаться с бумажным снаряжением.", Роминк  Лисплатный или что ли бы  что-либо подумано. Я    иногда выезжаю.,enthusiasm,0.5
29,42,../dataset/RESD_csv/test/fear_enthusiasm_31/31_fear_enthusiasm_e_060.wav,"Мама, слушай, я уже взрослая девочка, всё нормально. Лучше бы ты спросила, чем я занималась и так далее."," Мама, слушай, я уже   Взрослый девочек. Все нормально.  лучше бы ты  спросила, чем я  Занимала, что ты",enthusiasm,0.3888888888888889
30,43,../dataset/RESD_csv/test/09_neutral_happiness/09_neutral_happiness n_080.wav,"Конечно, мы вот этими шкафчиками спрятали весь функционал, то есть вы никогда не увидите, где находятся ваши трубы, трубопровод, где находятся газовые трубы. Но для того, чтобы это не портило интерьер, всё спрятано."," Конечно, мы его в дзетях шишка в теком, вместе приотали в  весь  функционал, то  есть у иди, когда-нибудь людей  уйдя находится  Ваше  газовую трубу, ну для   того чтобы это не  портил интерьер. Все  спрятано.",neutral,0.9393939393939394
31,44,../dataset/RESD_csv/test/03_disgust_neutral/03_disgust_neutral d_100.wav,"Ну правильно, но родители не обязаны вообще-то собирать деньги на ваши стекла, может быть, на ваши машины еще собрать деньги."," Ну правильно, но  Родители не  обязаны, вообще,    может быть на вашей машины еще  собрать.",disgust,0.45
32,45,../dataset/RESD_csv/test/neutral_fear_27/27_neutral_fear_f_090.wav,"Подождите, вы же знаете, какие пенсии в нашей стране. Мне же будет просто не на что жить."," Подождите, вы же  знаете  Какие пенсии в  нашей стране. Мне же  будет  Просто не наш ты  Жить.",fear,0.35294117647058826
33,46,../dataset/RESD_csv/test/happiness_enthusiasm_32/32_happiness_enthusiasm_h_110.wav,"Да! Я сейчас всем только позвоню, хорошо? Ты подождёшь меня?", Я  Сейчас всем только позвоню хорошо. Ты  подождишь  меня?,happiness,0.9
34,56,../dataset/RESD_csv/test/anger_fear_42/42_anger_fear_a_080.wav,Ну вот так решайте эту проблему!," Ну вот, а крышайте эту  Проблема.",anger,0.6666666666666666
35,59,../dataset/RESD_csv/test/05_neutral_fear/05_neutral_fear f_052.wav,"И чё-то так темно и холодно, и прям совсем мне как-то некомфортно."," И что-то так теми новые   холодной,  Прям совсем не  как-то некомфортно.",fear,0.75
36,60,../dataset/RESD_csv/test/01_happiness_anger/01_happiness_anger h_100.wav,"Ну тогда новые купим, а эти выкинем прямо в того официанта.", Но тогда новая копия на эти ввыки не от  прям втовой  офицанта.,happiness,0.8181818181818182
37,61,../dataset/RESD_csv/test/07_fear_neutral/07_fear_neutral f_050.wav,Может быть вам помочь?,,fear,0.0
38,62,../dataset/RESD_csv/test/happiness_sadness_45/45_happiness_sadness_h_020.wav,"Да это твои проиграли, а мы выиграли, я даже на них поставила"," Это твои про играли, вот я  даже не  спустай, Волна.",happiness,0.8333333333333334
39,63,../dataset/RESD_csv/test/01_happiness_anger/01_happiness_anger h_010.wav,"Дорогая, посмотри, как здесь красиво! Только ты и я проведем этот вечер в ресторане."," Дорога, посмотрите, как  здесь красиво. Только ты и я,  проведем вот эту   вечеру в  ресторане.",happiness,0.5714285714285714
40,64,../dataset/RESD_csv/test/11_disgust_anger/11_anger_disgust a_030.wav,"Ну, не знаю, куда вам удобнее, где вы находитесь. Я приеду, посмотрю велосипед, возможно куплю."," Ну, не знаю, куда вам  удобнее, где вы находитеся, я   приятно посмотреть, лосипят, возможно  куплю.",anger,0.3333333333333333
41,66,../dataset/RESD_csv/test/enthusiasm_neutral_43/43_enthusiasm_neutral_e_050.wav,А сколько это будет длиться?,,enthusiasm,0.0
42,67,../dataset/RESD_csv/test/sadness_disgust_46/46_sadness_disgust_d_020.wav,Ну а кто за ними должен смотреть? Ну что это такое? У нас же есть государство в конце концов!," Но кто за ними должен смотреть, но что это   такое? Но   жизнь государства в конце  концу.",disgust,0.8421052631578947
43,68,../dataset/RESD_csv/test/fear_happiness_30/30_fear_happiness_h_100.wav,Конечно!,,happiness,0.0
44,69,../dataset/RESD_csv/test/sadness_disgust_33/33_sadness_disgust_d_050.wav,"У меня из-за этого с выпускного нет никаких фотографий. Мне платье из-за границы сестра привезла, а ты меня"," У меня из этого с  выпускного нет  никаких фотографий, мне  платят и заграницы  сестра  привезла. А ты   меня",disgust,0.4444444444444444
45,70,../dataset/RESD_csv/test/enthusiasm_neutral_43/43_enthusiasm_neutral_n_120.wav,"К обучению вы можете приступить с понедельника с 8 часов утра. Нужно прийти за 15 минут до начала смены, и мы будем вас обучать этой профессии, если вы готовы на наши все условия."," Кобучение вы  можете приступить с понедельника с 8 часов    утра  нужно прийти за 15   минут до начала  смены и   Будем вас обучать это  профессии.  Если вы готовы, наше все   условия.",neutral,0.9090909090909091
46,71,../dataset/RESD_csv/test/disgust_enthusiasm_20/20_disgust_enthusiasm_d_040.wav,"Да мало ли что он говорил. Я могу сегодня быть брюнеткой, завтра блондинкой. Тебе-то какое дело?"," Да мало ли что он говорил. Я   могу сегодня быть бюринеткой за  фробландинкой.   Тебе, так,  Какое дело?",disgust,0.375
47,72,../dataset/RESD_csv/test/fear_enthusiasm_31/31_fear_enthusiasm_f_120.wav,"Ну какой контроль? Ну какой контроль, если я не знаю где-то? Я ведь даже могла найти, найти что-то.","  какой контроль,  Если я не  знаю где-то. Ну, я везажи   могла найти, найти и   что-то.",fear,0.8333333333333334
48,73,../dataset/RESD_csv/test/happiness_sadness_45/45_happiness_sadness_h_120.wav,"Мне теперь денег, наверное, достаточно.", Как у меня теперь денег  достаточно,happiness,1.0
49,74,../dataset/RESD_csv/test/disgust_happiness_36/36_disgust_happiness_h_050.wav,и я собираюсь на нём заниматься 3D графикой., Я собираюсь на нем  заниматься 3D  графики.,happiness,0.875
50,75,../dataset/RESD_csv/test/happiness_neutral_23/23_happiness_neutral_n_110.wav,"Спасибо, что ты меня так ценишь, однако мой рейтинг не настолько высок."," Спасибо, что ты мне так  ценишь однако, но иридент не   настолько  высок.",neutral,0.4166666666666667
51,76,../dataset/RESD_csv/test/enthusiasm_fear_40/40_enthusiasm_fear_e_060.wav,"А что мы сегодня сдаём? Бек, по-моему, да?", А что мы   Сегодня сдаем бег по  моему да.,enthusiasm,0.625
52,77,../dataset/RESD_csv/test/sadness_disgust_12/12_sadness_disgust_s_070.wav,"Почему не потянет? Я думаю, если вы постараетесь, то тогда он начнет понимать лучше предмет, и тогда вы можете поставить ему заслуженную тройку."," Почему не потянет? Я  думаю,  Если вы постараетесь, то  тогда он  начнет понимать,  лучше  предмет и тогда вы  можете поставить ему  заслужены утро и",sadness,0.21739130434782608
53,78,../dataset/RESD_csv/test/anger_fear_14/14_anger_fear_a_061.wav,"Послушайте, за минут 30 вы вряд ли соберете заказ, вряд ли это мне доставит до моего дома."," Послушайте за минут 30, бувряд ли соберёте    Вряд ли это мне достает до  моего  Дома!",anger,0.7647058823529411
54,79,../dataset/RESD_csv/test/sadness_disgust_33/33_sadness_disgust_s_100.wav,"Стало ещё краше, Маш.",,sadness,0.0
55,80,../dataset/RESD_csv/test/happiness_neutral_18/18_happiness_neutral_h_160.wav,"Да, пожалуй, так оно и есть. Разные фестивали, кружки... Я обязательно везде успею!"," Да.  Пожалуй, так оно  есть.  Простные  фестивали, крышки, я   обязательно  виси успею.",happiness,0.7692307692307693
56,81,../dataset/RESD_csv/test/fear_disgust_41/41_fear_disgust_d_100.wav,"Да, письменно. Ну, откуда я знаю, кто может помочь? Ну, посмотри хотя бы в бланки, которые нам сдавали. Там есть ответы, вопросы. Просто хотя бы посмотри немного, что вообще о чём."," Да, письма, ну, откуда я  знаю, кто  может помочь, но посмотрите,  хотя бы была анки, которая нам сдавали там,  которые нам сдавали. Там  есть ответы  Вопросы. Просто хотя бы посмотри немного, что  много, что вообще о чём?",disgust,0.7096774193548387
57,82,../dataset/RESD_csv/test/enthusiasm_sadness_50/50_enthusiasm_sadness_e_111.wav,"когда-нибудь ходила? Была. Скажи очень интересные. Вот ты у кого была? У нас тут одна Маша есть, знаешь, она ну прям вылитая, 17 век и одежда такие, знаешь, под цыганские. Не верю."," Когда-нибудь ходила, он был, кстати, на Цомболе,    Скажи очень  Интересные, вот ты у кого было. У нас тут    одна масса, она   прям вылетая,  17-й век. Я держит  одежды  Такие, в нас же по-тсагански.",enthusiasm,1.0
58,83,../dataset/RESD_csv/test/enthusiasm_neutral_43/43_enthusiasm_neutral_n_040.wav,"Потому что у нас большой гипермаркет, огромное количество людей за день проходит, нам нужен человек с опытом. Либо есть вариант, конечно, обучение, но оно бесплатное."," Потому что у нас  большой гипермаркет огромное   количество людей за один проходить нам  нужен человек с опытом.   Либо есть  вариант, конечно,  Обучение, но оно  бесплатное.",neutral,0.16
59,84,../dataset/RESD_csv/test/anger_disgust_25/25_anger_disgust_a_050.wav,Делиться? Делиться с преступниками не желаю.,   Делиться с преступниками не   Желаю!,anger,0.8333333333333334
60,86,../dataset/RESD_csv/test/anger_disgust_19/19_anger_disgust_d_120.wav,"Вам привезли фартук, который вы заказывали на сайте."," Вам привезли фарту,  который вы  заказывали на сайте.",disgust,0.125
61,87,../dataset/RESD_csv/test/fear_anger_22/22_fear_anger_a_070.wav,"Извини, ты начинаешь нервничать за рулем, поэтому притягиваешь всё. Естественно, если ты будешь нервничать за рулем, ты куда-нибудь въедешь. Если ты спокойно поедешь, всё будет хорошо."," Ну и свини, просто ты  начинаешь нервничать с сролем,  Нерничать с рульом,  Поэтому при тягиваешь все. И естественно,   Если ты будешь нервничать за  рулёв, ты куда-нибудь въедешь?  Если ты спокойно, поедешься, будь  хорошо.",anger,1.0
62,88,../dataset/RESD_csv/test/fear_happiness_30/30_fear_happiness_f_010.wav,"Добрый день, Алла Ивановна. Можно?"," Добрый день, Аллеванна.   можно.",fear,0.4
63,90,../dataset/RESD_csv/test/enthusiasm_neutral_43/43_enthusiasm_neutral_n_110.wav,"Это не наш магазин, у нас большая сеть, наш именно магазин, он работает с 8 до 8 вечера."," Это не наш магазин, но с  большая  сеть, наш именно магазин. Он   работает с 8 до 8   вечера.",neutral,0.2222222222222222
64,91,../dataset/RESD_csv/test/happiness_sadness_45/45_happiness_sadness_s_060.wav,Под процентный какой? Под какой ты процентный?, Попроценно и  Какая-то просят?,sadness,0.5714285714285714
65,92,../dataset/RESD_csv/test/enthusiasm_fear_40/40_enthusiasm_fear_f_010.wav,Nu-i să dea în fiescă oltură.,,fear,0.0
66,93,../dataset/RESD_csv/test/enthusiasm_fear_40/40_enthusiasm_fear_f_120.wav,Нужно иметь просто суперсильные руки., нужно иметь просто суперсильные   руке.,fear,0.4
67,96,../dataset/RESD_csv/test/fear_disgust_48/48_fear_disgust_f_080.wav,"Не знаю, испугалась очень сильно"," Не знаю, испугалась  очень  Сильно.",fear,0.2
68,97,../dataset/RESD_csv/test/fear_disgust_48/48_fear_disgust_d_010.wav,Какой еще фильм?,,disgust,0.0
69,99,../dataset/RESD_csv/test/sadness_happiness_49/49_sadness_happiness_s_110.wav,Спасибо тебе большое! Пошла я мыть свою девятку. Как и быть.," Спасибо  тебе большое,  Пошла ему  свою удивятку, так и быть.",sadness,0.6363636363636364
70,100,../dataset/RESD_csv/test/enthusiasm_happiness_26/26_enthusiasm_happiness_e_100.wav,"Ну, я не знаю. Ну, возможно, возможно, конечно же, это может быть и Египет. Хорошо."," Ну, я не знаю.   возможно,  Конечно же, это может быть египет хорошо.",enthusiasm,0.5333333333333333
71,104,../dataset/RESD_csv/test/anger_fear_42/42_anger_fear_f_140.wav,"Да не орёт, я не слышу, может быть..."," Да не орёт, я не  слышу.",fear,0.125
72,105,../dataset/RESD_csv/test/01_happiness_anger/01_happiness_anger h_030.wav,"Не обращаем внимания на этих официантов, когда нам нужно будет, они подойдут."," Не проще внимания на  этих ифициентов,  Когда нам нужно будет, они  подойдут.",happiness,0.25
73,106,../dataset/RESD_csv/test/happiness_anger_21/21_happiness_anger_a_020.wav,Хорошо.,,anger,0.0
74,107,../dataset/RESD_csv/test/04_fear_enthusiasm/04_fear_enthusiasm e_130.wav,"А вы не подскажете, как туда вставляются батарейки?"," А вы не поскажете, как  туда вставляют собатарейки.",enthusiasm,0.375
75,108,../dataset/RESD_csv/test/enthusiasm_neutral_37/37_enthusiasm_neutral_e_090.wav,"Подождите, подождите, что нужно сделать вначале, Анастасия? Вначале нужно завести двигатель."," Подождите, подождите. Что   нужно  Сделать    начале  нужно завести двигатель.",enthusiasm,0.6363636363636364
76,109,../dataset/RESD_csv/test/happiness_fear_29/29_happiness_fear_h_110.wav,Одинка или брюнетка?,,happiness,0.0
77,112,../dataset/RESD_csv/test/disgust_happiness_36/36_disgust_happiness_h_120.wav,"Так, хороший компьютер у меня?", Так хороший компьютер  мне.,happiness,0.4
78,113,../dataset/RESD_csv/test/sadness_disgust_46/46_sadness_disgust_d_043.wav,"Их надо воспитывать. Но говорят же, что только в случае, если можно положить поперек лавки, можно учить. То кого тогда нужно учить? Детей или взрослых?"," Их надо  спинтывать. Ну, говорю, а что   только с лучей   Если   можно  учить. Так а вот так нам   нужно учить  детей или   взрослым.",disgust,0.72
79,114,../dataset/RESD_csv/test/happiness_neutral_38/38_happiness_neutral_n_020.wav,"Ваша фамилия, имя и отчество.", Ваши вымили и мою  учиста.,neutral,1.0
80,115,../dataset/RESD_csv/test/enthusiasm_sadness_47/47_enthusiasm_sadness_s_030.wav,"А 70, наверное, это очень много. Только это Dune."," А 7-10 наверное, это  очень много, а сколько это дюйно?",sadness,0.5555555555555556
81,120,../dataset/RESD_csv/test/03_disgust_neutral/03_disgust_neutral n_010.wav,Добрый.,,neutral,0.0
82,121,../dataset/RESD_csv/test/happiness_neutral_38/38_happiness_neutral_n_010.wav,"Компания перевези, менеджер Екатерина. Здравствуйте. Вы оставляли у нас заявку на заказ. Да заполним ее и перепроверим ваши данные.", Компания  перевезим. Мы нажали Екатерина.    Здравствуйте! Я в  Куна заказ.  Дозаполним ее и   Перепроверим вашу данный.,neutral,0.7894736842105263
83,123,../dataset/RESD_csv/test/sadness_happiness_49/49_sadness_happiness_h_070.wav,"С чего ты взяла, что мой клиент тоже не торопится к семье? Может он рассчитывает на то, что он сейчас пойдёт купит себе что-то, а я за это время уже помою? Вот пока мы выясняем эти отношения, я могла бы быстренько помыть машину."," С чего-то взяла, что мы  клиент тоже не торопится к семья.  может он рассчитывая на то, что он   сейчас пойдет  купить себе что-то айцов это  время уже помы, вот пока мы выясняем эти отношения, я    могу выстренька  помыть  Машину.",happiness,0.8837209302325582
84,126,../dataset/RESD_csv/test/05_neutral_fear/05_neutral_fear f_061.wav,"Слушай, да я просто боюсь сейчас, пока мы дождёмся автобуса, я потом домой приеду, у меня ж улица ещё находится внизу за портовой аж, а там фонарей вообще нет."," Я просто боюсь сейчас   Пока мы и дождемся автобуса, я   потом приехал, я шули, я еще находился внизу. за портовой, а шо там   фонарей  вообще нет.",fear,0.896551724137931
85,127,../dataset/RESD_csv/test/sadness_disgust_33/33_sadness_disgust_d_010.wav,"Какая тебе Машенька, Орлов? Кто вообще тебя со мной посадил? Кто тебя со мной посадил?", Какая тема шенька о рлов? Кто   вообще тебя с ним посадил? Кто тебя со  тебе со мной  посадили.,disgust,0.9333333333333333
86,128,../dataset/RESD_csv/test/disgust_happiness_36/36_disgust_happiness_h_010.wav,"А вы программист, да?",,happiness,0.0
87,130,../dataset/RESD_csv/test/neutral_fear_27/27_neutral_fear_n_110.wav,"Почему? Вы будете приходить к нам, когда вот на праздники, на 8 марта, на день железнодорожника, на Новый год."," Почему вы  будете приходить к нам,  когда на  празднике на 8 марта, на день железнодор на  динжерезно  дорожника на  Новый   год!",neutral,0.7368421052631579
88,131,../dataset/RESD_csv/test/happiness_sadness_45/45_happiness_sadness_s_030.wav,Я заняла у подруги 100 тысяч и попросила у матери..., Я заняла у подруги 100 тысяч и у матери    попросила там.,sadness,0.3
89,132,../dataset/RESD_csv/test/sadness_disgust_12/12_sadness_disgust_d_090.wav,"Ну ладно, у меня есть окошко завтра в 4 часа. Приходите!"," Ладно, у  меня есть акошка   завтра 4  часа.  Приходите!",disgust,0.8181818181818182
90,133,../dataset/RESD_csv/test/anger_fear_42/42_anger_fear_f_070.wav,"Он пьет таблетки, подождите! Подождите какое-то время!"," Он пьёт облетки,  Подождите, подождите какое-то  время.",fear,0.7142857142857143
91,135,../dataset/RESD_csv/test/happiness_sadness_45/45_happiness_sadness_s_160.wav,"Я больше с тобой матчи смотреть не буду. Всё, спасибо!","  Смотрите не буду, все,  спасибо!",sadness,0.5
92,137,../dataset/RESD_csv/test/07_fear_neutral/07_fear_neutral n_150.wav,Спасибо большое. Диктуйте.,,neutral,0.0
93,138,../dataset/RESD_csv/test/07_fear_neutral/07_fear_neutral f_040.wav,"Не могу не переживать, сбил человека, не прав, извините, надеюсь с вами все будет хорошо"," Не могу не переживать. Сбил человеку. Не    прав,  извините,  Надеюсь, что они все будут  хорошо.",fear,0.6
94,139,../dataset/RESD_csv/test/disgust_happiness_36/36_disgust_happiness_d_080.wav,Да на нём только в тетрис можно играть," Да на нем только в те, что  можно играть.",disgust,0.5
95,140,../dataset/RESD_csv/test/anger_disgust_19/19_anger_disgust_a_040.wav,"Да, но это не тот фартук, который я заказывала."," Да, но это не тот  фарту, который я  заказывала.",anger,0.1111111111111111
96,141,../dataset/RESD_csv/test/disgust_enthusiasm_28/28_disgust_enthusiasm_e_040.wav,"А рычаг, он тяжело идёт?", Артюк он тяжело  идёт.,enthusiasm,0.8
97,142,../dataset/RESD_csv/test/disgust_enthusiasm_28/28_disgust_enthusiasm_d_040.wav,"Вот сам станок, вот кнопки включить, выключить, вот фреза, вот зажимы, которые закрепляют деталь. Закрепляем деталь."," Вот  Самстанок, кубки. Компки  Кновки  Включить,  выключить вот  вреза вот зажимой,  жимой, которые закрепляют   деталь   Закрепляем деталь!",disgust,0.8125
98,143,../dataset/RESD_csv/test/09_neutral_happiness/09_neutral_happiness n_020.wav,"Ну что, я готова вам предоставить объект, чтобы вы посмотрели."," Ну что, я  готова вам   предоставить объект,  чтобы посмотреть.",neutral,0.1
99,144,../dataset/RESD_csv/test/happiness_enthusiasm_32/32_happiness_enthusiasm_h_080.wav,"Я спрошу, я надеюсь, они за меня порадуются. Ведь ты первая, кому я сказала. Ой, мне очень приятно. Я выхожу на улицу, думаю, ну всё, вот эти пять тысяч,"," Я спрашиваю,  Надеюсь, они за меня порадут. Ведь ты первая,  кому я  сказал. Выходи на  улице  дома. Ну все, вот эти 5  тысяч держивают на билете   представляешь?",happiness,0.896551724137931
100,145,../dataset/RESD_csv/test/08_sadness_anger/08_sadness_anger a_150.wav,"В центре однокомнатная, 40 квадратных метров. Всё! Это ваш потолок!"," Одна комнатная, 40   квадратных метров.  Все! Это ваш   шпоталок.",anger,0.9
101,146,../dataset/RESD_csv/test/neutral_fear_35/35_neutral_fear_n_050.wav,То есть вы это представляете или реально ощущаете?,,neutral,0.0
102,147,../dataset/RESD_csv/test/04_fear_enthusiasm/04_fear_enthusiasm e_040.wav,"Так, я заказывала большой телевизор. Открываем. А тут какой-то маленький.", Я заказывала большую телевизор.    Открываем отутку  какой-то  маленький.,enthusiasm,0.8
103,148,../dataset/RESD_csv/test/happiness_enthusiasm_32/32_happiness_enthusiasm_e_030.wav,Ого! А много?," Ох, а  много!",enthusiasm,1.0
104,149,../dataset/RESD_csv/test/02_anger_sadness/02_anger_sadness a_031.wav,"Нет, два дня я тебе не дам, ты должен переделать сегодня. И я хочу от тебя услышать... Отчёт."," Нет, два дня я  тебе не  дам, ты должен переделать   Сегодня и я     хочу  тебе услышать, а что-то.",anger,0.3333333333333333
105,150,../dataset/RESD_csv/test/sadness_disgust_12/12_sadness_disgust_s_060.wav,"Ну, не знаю, есть же какие-то там дополнительные занятия, спецкурсы, подготовка."," Не знаю,  есть же какие-то  Дополнительные  Занятя, а спец-курсы   подготовка!",sadness,0.9090909090909091
106,151,../dataset/RESD_csv/test/sadness_happiness_49/49_sadness_happiness_s_050.wav,"Потому что у меня начальник платит маленькую зарплату, я не могу здесь ещё ведра покупать. Ну, честно говоря, мне дорого это, ещё ведро покупать. Есть же вот наше бесплатное ведро. Дай мне ведро."," Потому что у меня  начальник не  платик маленькую зарплату, я не  могу  Здесь еще ее тропокупать. Но   честно говоря, мне дорогоето. Еще в  дропок по-как по-каке   ведро.",sadness,0.6666666666666666
107,152,../dataset/RESD_csv/test/08_sadness_anger/08_sadness_anger s_150.wav,"Нет, зачем вам добавлять? Давайте просто посмотрим квартиру, которая мне подойдёт."," Нет, зачем вам добавлять?  Давайте  посмотрим квартиру, которая мне    Подойдет.",sadness,0.45454545454545453
108,153,../dataset/RESD_csv/test/fear_anger_22/22_fear_anger_a_050.wav,запасное колесо но оно понадобится только если мы попадем в аварию," Ну а ну пематуби, а  только если мы попадем в  аварию.",anger,0.5454545454545454
109,154,../dataset/RESD_csv/test/04_fear_enthusiasm/04_fear_enthusiasm f_070.wav,"Честно, я не подскажу, я не знаю. Мне нужно просто, чтобы вы расписались. Я забрал деньги и поехал на следующий заказ."," Я не   знаю, мне  нужно просто чтобы вы расписались. Я забрал деньги и поехан с Я забрал деньги и поехала на  следующий заказ.",fear,1.0
110,155,../dataset/RESD_csv/test/neutral_fear_35/35_neutral_fear_f_074.wav,"Кислород заканчываецца і я не могу сяя, перестаю сяя контроляцца.", Кислорода кончивается и не    могу вся ли  Переставитя контролирует.,fear,0.9
111,156,../dataset/RESD_csv/test/disgust_enthusiasm_28/28_disgust_enthusiasm_e_100.wav,"То есть, если мне нужны будут искривленные линии, мне нужен будет другой станок. Я правильно понимаю?"," То есть   Если мне нужно  будет скривленные линии, мне нужен вы  другой станок. Я  правильно  Понимаю.",enthusiasm,0.4375
112,157,../dataset/RESD_csv/test/08_sadness_anger/08_sadness_anger a_050.wav,"Интересно, а какая? Тогда хотя бы ссусти мне параметры, а то вы смотрите всё подряд!","  интересно, когда  хотя бы  сусти мне наверно   параметры. А то вы   смотрите все  подряд!",anger,0.9333333333333333
113,159,../dataset/RESD_csv/test/neutral_fear_27/27_neutral_fear_f_120.wav,"Я не люблю смотреть сериалы. Вы понимаете, моя работа... А вы смотрели? Моя работа, это вся моя жизнь. Пожалуйста, я вас очень прошу. Это бесчеловечно, в конце концов."," Я не люблю смотреть сериалы. А вы    смотрели? Моя работа это все мы жизнь, пожалуйста, я вас   очень хорошо, но это без человека в    конце концов.",fear,0.75
114,160,../dataset/RESD_csv/test/enthusiasm_sadness_47/47_enthusiasm_sadness_e_130.wav,"Тогда что, я предлагаю вам кредит, как вы к этому относитесь?"," Так, да что я  предлагаю вам  кредит как вы к  этому относитесь?",enthusiasm,1.0
115,161,../dataset/RESD_csv/test/07_fear_neutral/07_fear_neutral n_170.wav,"Какое необычное имя, хорошо. Еще что-то?", И еще   что-то?,neutral,0.5
116,162,../dataset/RESD_csv/test/04_fear_enthusiasm/04_fear_enthusiasm f_110.wav,Да зачем мне эти телевизоры? Мне просто нужно отдать вам заказ и поехать дальше. Зачем?," Да, зачем идти телевизоры, не    просто нужно отдать вам в заказе,  поехать дальше. Ну  чем?",fear,0.9333333333333333
117,163,../dataset/RESD_csv/test/enthusiasm_sadness_47/47_enthusiasm_sadness_s_020.wav,"Ну я хотел бы какую-нибудь иностранную фирму, наверное бренд, может быть Sony. Какие у вас модели есть у Sony?"," Ну, я хотел бы какую-нибудь иностранную  фирму.   Наверное,  Бренд  Может быть, Sony,   Какие у вас модели и что соня?",sadness,0.5263157894736842
118,164,../dataset/RESD_csv/test/anger_fear_34/34_anger_fear_a_130.wav,Ты меня не увидела?, Ты меня не  Увидела!,anger,0.25
119,165,../dataset/RESD_csv/test/01_happiness_anger/01_happiness_anger a_090.wav,"Эти туфли на размер меньше, чем мне нужно. Ты чем думал, когда ты их покупал?"," Эти туфли на размер  меньше, чем мне  Нужно. Ты чем думал,  когда ты их покупал.",anger,0.13333333333333333
120,166,../dataset/RESD_csv/test/happiness_anger_21/21_happiness_anger_h_120.wav,"Ой, извините, извините, я ошиблась. Вам кофе без сахара."," Уйзвините, извините, я ошиблась. Вам  кофе бессахара. вауфе   Сахара.",happiness,0.8888888888888888
121,167,../dataset/RESD_csv/test/happiness_neutral_18/18_happiness_neutral_n_160.wav,Ты уже думал в какой кружок вступить?,,neutral,0.0
122,170,../dataset/RESD_csv/test/01_happiness_anger/01_happiness_anger h_040.wav,"Никогда не пробовали, а я в первый раз попробую."," Никогда не пробовали, а я впервые раз  попробую.",happiness,0.3333333333333333
123,172,../dataset/RESD_csv/test/sadness_disgust_12/12_sadness_disgust_s_120.wav,Хорошо. Ладно. Согласны мы на 4 часа.," Хорошо.  Ладно,  Согласно, мы на 4  часа.",sadness,0.2857142857142857
124,173,../dataset/RESD_csv/test/sadness_disgust_33/33_sadness_disgust_d_070.wav,"Ой, не надо. В своих фантазиях живёшь где-то. Знаешь, вечно был ботаником, идиотом. Ещё со мной посадили. Нравится концерт? Вот и смотри."," У них надо. Свой фантазия  живёшь где-то, знаешь, вечна был батаником  Вечно было батанником идиотом, что со   мной посадили? Градится   концерт. Вот  смотри.",disgust,0.9545454545454546
125,175,../dataset/RESD_csv/test/anger_fear_42/42_anger_fear_a_170.wav,постоянно орёт. После 11 часов ночи... Тихий час., постоянно рет.  После 11  часов ночи.   Тихий час!,anger,0.375
126,176,../dataset/RESD_csv/test/fear_enthusiasm_31/31_fear_enthusiasm_e_090.wav,"Мама, всё в порядке, я под контролем."," Мама, все в  порядке. Я под   контролем.",enthusiasm,0.42857142857142855
127,177,../dataset/RESD_csv/test/neutral_anger_44/44_neutral_anger_a_160.wav,"Я не собираюсь успокаиваться! Принимай купюру! Давай быстрее заканчиваем этот разговор! Сама говоришь, очередь задержит!"," Принемайку пюру. Все, у  меня не волнуй,  Давай быстрее,  заканчиваем этот разговор. Сомагов решили   задержив.",anger,1.0
128,178,../dataset/RESD_csv/test/anger_disgust_25/25_anger_disgust_d_030.wav,"Антина Дмитриевна, два года назад вы заплатили только основную часть долга, а проценты вы не заплатили. За это время сумма превратилась в 262 000 рублей 88 копеек."," Дмитрийевна 2  года  назад вы  заплатили  только основную часть долга, а  процент этого не  заплатили. За это   время  Сумма превратилась в 262 тысяч  2000 рублей, 88  копеек. Вот, что  что, что, что, что?",disgust,0.9259259259259259
129,180,../dataset/RESD_csv/test/sadness_disgust_46/46_sadness_disgust_d_063.wav,Это просто не поддаётся ни объяснению. Я не могу.," Это просто не поддаются, не   объясню, я не   могу.",disgust,0.4444444444444444
130,181,../dataset/RESD_csv/test/happiness_neutral_23/23_happiness_neutral_h_162.wav,"чтобы у нас был струнный ансамбль, представляешь? Живые скрипачи на сцене будут тебя компонировать. Класс!"," Что по у нас был в труны, он сам lui представляешь.  живые скрипочи до  сцей   будьте, я компанировать.",happiness,1.0
131,182,../dataset/RESD_csv/test/sadness_disgust_12/12_sadness_disgust_s_050.wav,"Ну, чтобы вы их поставили хотя бы эту несчастную троечку."," Ну, чтобы вы их  поставили хотя бы эту несчастную   трое",sadness,0.1
132,183,../dataset/RESD_csv/test/enthusiasm_happiness_26/26_enthusiasm_happiness_e_030.wav,"В любом, с тобой везде, везде замечательно!"," Любовь, с тобой  Везде за меча отец.",enthusiasm,1.0
133,184,../dataset/RESD_csv/test/07_fear_neutral/07_fear_neutral n_160.wav,"Да, я записала. Как вас зовут?",,neutral,0.0
134,185,../dataset/RESD_csv/test/sadness_happiness_49/49_sadness_happiness_s_040.wav,Я не могу себе купить ведро., Я не могу себе купить в  виду.,sadness,0.16666666666666666
135,188,../dataset/RESD_csv/test/anger_fear_42/42_anger_fear_f_080.wav,"Я ничего вам не могу предложить, кроме того, как надеть беруши в уши."," Я ничего вам не могу предложить,  кроме того, как  надеть беруше выше.",fear,0.15384615384615385
136,189,../dataset/RESD_csv/test/fear_disgust_41/41_fear_disgust_d_070.wav,"Ну что я могу сказать? Я что, сам учил, что ли? Мне вообще на этот предмет всё равно. Он проходящий, один раз пришёл и ушёл. Я даже не помню, как зовут педагога."," Я что-то сам   учил, что ли? Это не   вообще надцепреднессиворовым, но проходящая,   дело спрошел и ушел. И   даже не помни, как  зовут Питагугая.",disgust,0.71875
137,190,../dataset/RESD_csv/test/anger_fear_42/42_anger_fear_a_051.wav,"Да? И высыпаетесь? С каким-то ребёнком? Да, я высыпаюсь. Почему ваш ребёнок слышит весь подъезд? В три ночи там или в два часа ночи? Вообще в два часа ночи дети должны спать по-хорошему. И вставать с утра. А мне в пять..."," Да? И вы сыпаетеесь?   Таким таребёнком. В общем, у вашего   ребенок слышит весь подъезд. В 3 ночь это  ночь, там или в 20  ночи. В  Вообще, в 20-м ночи, дети должны спать по хорошему и  вставать с   утра. А мне опять",anger,0.8780487804878049
138,191,../dataset/RESD_csv/test/enthusiasm_sadness_50/50_enthusiasm_sadness_s_080.wav,"Да, он всегда записывает, боится забыть что-нибудь."," Да, он всегда записывает, боится  забыть, что не  будет, что не быть.",sadness,0.2857142857142857
139,192,../dataset/RESD_csv/test/fear_happiness_30/30_fear_happiness_f_110.wav,"Я не первый год на рынке, я знаю.", Я не первый год на  рынке. Я  знаю.,fear,0.25
140,193,../dataset/RESD_csv/test/anger_disgust_19/19_anger_disgust_a_150.wav,"Всё, понятно, вы мошенники! Суд подам! Всё!"," Все, понятно, вы машинники, суд подом,    Всё!",anger,0.5714285714285714
141,194,../dataset/RESD_csv/test/happiness_fear_29/29_happiness_fear_f_040.wav,Правда? Вы правда доставляете любое?,   правда доставляете любые,fear,0.6
142,195,../dataset/RESD_csv/test/02_anger_sadness/02_anger_sadness a_042.wav,"Я к тебе подхожу и спрашиваю про отчёт. Это как ты это всё хорошо видишь, да? Нет? Это плохо."," Я к тебе подходю и  спрашиваю про отчёт. Это как ты это и   хорошо  видишь, да?  Нет, по-моему это   Плохо.",anger,0.2631578947368421
143,197,../dataset/RESD_csv/test/enthusiasm_fear_40/40_enthusiasm_fear_f_100.wav,После бега будут отжимания? Отжимания это самое сложное.," отжимание, отжимание это  джемон не это  Самое сложное.",fear,0.75
144,198,../dataset/RESD_csv/test/09_neutral_happiness/09_neutral_happiness n_052.wav,"Для этого у вас есть вот такой стол, столешница раздвигается, и можно вместо 4-х человек пригласить даже целых 10."," для этого у вас есть вот  такой вот  стол, всталишний, все раз двигается. и   можно  Место 4  человек пригласит этот дожат  целых действий.",neutral,0.6842105263157895
145,199,../dataset/RESD_csv/test/06_happiness_enthusiasm/06_happiness_enthusiasm h_072.wav,"Потому что вести инстаграм — это, знаешь ли, не очень просто, но можно сидеть дома и сидеть на диване, и при этом продвигать товар."," Потому что вести инстаграм, это знаешь ли не    очень просто, но   можно  сидеть на диване и претом    Продвигать товар.",happiness,0.625
146,200,../dataset/RESD_csv/test/enthusiasm_fear_40/40_enthusiasm_fear_f_060.wav,"Мы сдаём бег 5 километров, и что-то мне кажется, что они его не засчитают."," мы стою бег 5   километров. и мне    кажется, что мне его не защитают. Миниву не защит  это.",fear,0.7857142857142857
147,202,../dataset/RESD_csv/test/sadness_disgust_33/33_sadness_disgust_d_110.wav,"Со мной ничего не случилось. Ты прекрасно знаешь, что между нами хороших отношений никогда не было. Я знаю, как ты про меня слухи распускал. Мне все это рассказали."," Прекрасно знаю, что  между нами  хороших отношения  никогда не было. Я   знаю, как ты про меня слухи,  Распускал мне все,",disgust,0.7142857142857143
148,203,../dataset/RESD_csv/test/happiness_neutral_18/18_happiness_neutral_n_070.wav,"Соседка тоже неплохо, может подметать пыль."," Соседка тоже неплохо,  может подметать пыль?",neutral,0.16666666666666666
149,206,../dataset/RESD_csv/test/neutral_anger_44/44_neutral_anger_n_090.wav,"Девушка, успокойтесь, пожалуйста.",,neutral,0.0
150,207,../dataset/RESD_csv/test/happiness_sadness_45/45_happiness_sadness_s_141.wav,"Нет, ну если я у тебя займу, то я поменьше займу, потому что мне сейчас некуда деваться. Ну ты не забывай там ещё процент. Мне хотя бы матери надо отдать долг. Ладно, подружка подождёт. Я вообще не рассчитывала, не рассчитывала, что это настолько-то. screaming"," Ну, ну, ну,  никуда дела. Да не забывай там, еще  красиво. Не хотела матили  хотел бы матери  Надо отдать до угла  Подружку подожди. Я  вообще, ну не  рассчитывала, что ты думала. Валонерыши, ты волосы, что ты  волосы.",sadness,0.8409090909090909
151,208,../dataset/RESD_csv/test/11_disgust_anger/11_anger_disgust a_020.wav,"Хорошо, скажите, пожалуйста, когда я могу приехать и куда?"," Хорошо,  Скажите, пожалуйста,  Когда мы приехать, и   куда?",anger,0.6666666666666666
152,209,../dataset/RESD_csv/test/fear_happiness_30/30_fear_happiness_h_170.wav,"Валерий Владимирович, я вам очень благодарна. Я была уверена, что эта новость вам очень понравится. Я рада, что вы меня услышали."," Валерий Владимирович, я вам   очень  благодарна. Я  была  уверена, что это  новость вам очень  понравится. И я   рада, что вы  меня услышали.",happiness,0.3333333333333333
153,210,../dataset/RESD_csv/test/neutral_anger_44/44_neutral_anger_a_030.wav,"Я не знаю, кто вам говорит, извините, вы должны принять, это нормальные деньги, я вам что, фальшивку даю, что ли?"," Я не знаю, кто вам  говорит, извините, вы  должны принять это нормальное  деньги, а вам что  фальшивку даю, что ли?",anger,0.2
154,211,../dataset/RESD_csv/test/01_happiness_anger/01_happiness_anger h_050.wav,"Да! Но зато здесь только ты и я, в этой ужасной забегаловке. Наконец-то мы проведём время вместе!"," Да! Ну за то, без  тесто  только ты и я в этой   ужасно с запигавки. Мы проведем   время вместе.",happiness,0.9411764705882353
155,212,../dataset/RESD_csv/test/happiness_enthusiasm_32/32_happiness_enthusiasm_h_090.wav,"Я спрошу, я надеюсь, они за меня порадуются. Ведь ты первая, кому я сказала. Ой, мне очень приятно. Представляешь, выхожу на улицу, думаю, ну всё, вот эти пять тысяч, держи, вот он билетик, представляешь? Так ты ещё не оранжевала, у тебя только стиснец. Я только узнала."," Я спрашиваю, надеюсь, они за  меня порадится. Ведь ты первая кому я  сказал. Вы  хожу на улице дома, но   все, вот эти 5 тысяч держивают на  билете  представляешь? Так ты не   может? Да  нет, я   Только узнала.",happiness,0.782608695652174
156,213,../dataset/RESD_csv/test/enthusiasm_neutral_43/43_enthusiasm_neutral_e_110.wav,"Хорошо. В принципе, не знаю. А когда я могу приступить к обучению, к стажировке?"," Принципиру, я не знаю,    Когда я  могу приступить от кабудения, сдерживки. обудению к этой же  ровке.",enthusiasm,0.9285714285714286
157,214,../dataset/RESD_csv/test/happiness_sadness_45/45_happiness_sadness_h_030.wav,Можешь у меня пока занятие,,happiness,0.0
158,215,../dataset/RESD_csv/test/07_fear_neutral/07_fear_neutral f_010.wav,Хуёп! Всё в порядке с вами!,,fear,0.0
159,216,../dataset/RESD_csv/test/sadness_happiness_49/49_sadness_happiness_s_072.wav,"Ну вот твой клиент пошёл, он что-то покупать себе, он подождёт. А мой, вон, простой мужчина, торопится к семье. Ну, дай ведро, пожалуйста, а?"," Вот твой клиент пошел вот   что-то покупать себе, он  подождёт. А мой он   простой   Мужчина торопится к  семья.",sadness,0.75
160,217,../dataset/RESD_csv/test/disgust_enthusiasm_28/28_disgust_enthusiasm_d_090.wav,фрезеровать.,,disgust,0.0
161,218,../dataset/RESD_csv/test/enthusiasm_sadness_50/50_enthusiasm_sadness_s_060.wav,"Ой, какая-то была. Ну, я ж не знаю, что он там записывал."," Какая-то была, но я не   знаю, что он там  записывал?",sadness,0.8333333333333334
162,219,../dataset/RESD_csv/test/disgust_enthusiasm_20/20_disgust_enthusiasm_e_130.wav,И что мне за это будет?, И что мне за это  будет.,enthusiasm,0.16666666666666666
163,220,../dataset/RESD_csv/test/happiness_enthusiasm_32/32_happiness_enthusiasm_e_100.wav,"А, так еще вот такая сложная система."," А, так еще вот такая  Сложно осесить.",enthusiasm,0.2857142857142857
164,221,../dataset/RESD_csv/test/enthusiasm_sadness_50/50_enthusiasm_sadness_e_040.wav,А что он еще говорил?,,enthusiasm,0.0
165,222,../dataset/RESD_csv/test/fear_disgust_41/41_fear_disgust_d_080.wav,"Ну и что? Приходил, я спал на этих парах, я даже не помню, как он выглядит, какого даже цвета волосы. Мне на него всё равно."," Я    сапору на этих парах, я  даже не помню, как он выключит,  Какого дожа цвета в упаса? Пи на него всё равно.",disgust,0.88
166,223,../dataset/RESD_csv/test/disgust_enthusiasm_20/20_disgust_enthusiasm_d_030.wav,Жена Валерия твоего любовника., Жена в олере.   Твоего любовника.,disgust,0.75
167,224,../dataset/RESD_csv/test/neutral_enthusiasm_13/13_neutral_enthusiasm_n_041.wav,"Безлимитный интернет стоит 1000 рублей, но со 50% скидкой он обойдется вам в 500 рублей."," безлимитный  интернет стоят тысячу  рублей, но со 50%-нескидкой он  скиткой он  обойдется в 500  рублей.",neutral,0.5333333333333333
168,225,../dataset/RESD_csv/test/enthusiasm_sadness_50/50_enthusiasm_sadness_s_130.wav,"Да нет, я на этом месте-то вон 10 лет работаю."," Да нет, я на  этом месте того, он 10 лет  работаю.",sadness,0.5
169,226,../dataset/RESD_csv/test/happiness_enthusiasm_32/32_happiness_enthusiasm_h_010.wav,Привет! Я так рада тебя сегодня видеть!, Привет! Я так  рада тебя  Сегодня ведь!,happiness,0.2857142857142857
170,227,../dataset/RESD_csv/test/08_sadness_anger/08_sadness_anger s_160.wav,"Нет, ну мне не нужна однокомнатная. Зачем мне однокомнатная? Вы представляете, что я буду делать там со всей своей семьей? Мне будет очень тесно. Я не хочу однокомнатную под 20% на 30 лет брать. Я хочу пятикомнатную."," Нет, но мне не нужна одна комната. Нас  учим, что я  представляете, что я  буду делать со всей своей семьей. Мне  будет очень тесно. Я не    хочу, а на комнатном, в 20% на 30 лет    брать. Я  хочу пить комнатно.",sadness,0.6486486486486487
171,228,../dataset/RESD_csv/test/08_sadness_anger/08_sadness_anger s_130.wav,"Нет, у нас, конечно, дороже стоит все. Я же живу в Ростове-на-Дону, поэтому мне и в Ростове квартира нужна. Я думаю, что мы сможем с вами что-то подобрать."," Но у нас  конечно дороже стоит все, но я же же был в    ростове на донупо,  поэтому мне и в ростове квартира  нужна я  думаю, что мы  сможем сами  что-то подобрать.",sadness,0.8928571428571429
172,229,../dataset/RESD_csv/test/sadness_disgust_12/12_sadness_disgust_d_060.wav,Дополнительные занятия Володечка ваш глупенький не потянет," Дополнительное  занятия волводечка  ваш, глупенький, не    потянет.",disgust,0.7142857142857143
173,231,../dataset/RESD_csv/test/05_neutral_fear/05_neutral_fear f_070.wav,"Муж объелся груш. Уехал он на работу, вахта работать.","  уехал, он на  Уехал на работу,  Вахтор обудать.",fear,0.7777777777777778
174,232,../dataset/RESD_csv/test/enthusiasm_sadness_15/15_enthusiasm_sadness_s_040.wav,Ещё и сдавать экзамен при переезде., Ещё и вздавать  экзамен при переезды.,sadness,0.3333333333333333
175,233,../dataset/RESD_csv/test/sadness_disgust_16/16_sadness_disgust_d_040.wav,"О, так может быть ты хочешь завести его без меня?"," О, так  Может быть, ты хочешь  Ждовести его без  меня.",disgust,0.4
176,234,../dataset/RESD_csv/test/sadness_disgust_33/33_sadness_disgust_d_090.wav,"Давай не заливай, а иди к Елизавете подсядь и рассказывай. Мало того, что с алкоголиком посадили ещё, блин, с этим кретином."," Давай не заливая деванки или  завете подсятки,   рассказывай. Молод  того, что с алкоголиком посадили еще вленц   этим критином.",disgust,0.7619047619047619
177,236,../dataset/RESD_csv/test/10_happiness_anger/10_happiness_anger h_120.wav,За себя нет.,,happiness,0.0
178,238,../dataset/RESD_csv/test/disgust_enthusiasm_20/20_disgust_enthusiasm_e_050.wav,Какая связь?,,enthusiasm,0.0
179,239,../dataset/RESD_csv/test/02_anger_sadness/02_anger_sadness a_032.wav,"Чем ты занимался, что тебя отвлекло от работы?"," Чем ты  занимался, что  тебе отвлекло от работы.",anger,0.25
180,240,../dataset/RESD_csv/test/happiness_neutral_23/23_happiness_neutral_n_050.wav,"С чего ты взяла, что я люблю музыку?"," С чего ты делаешь, что я  люблю музыку.",neutral,0.25
181,241,../dataset/RESD_csv/test/fear_disgust_41/41_fear_disgust_d_010.wav,"Да, сдавал, там такого ничего нет, это всё обычные предметы."," Да, сдавал. Там  Такого  ничего нет, это все   Обычный предмет.",disgust,0.6
182,242,../dataset/RESD_csv/test/fear_happiness_30/30_fear_happiness_h_110.wav,"Вы же не первый год на рынке! Вы знаете, что я права!"," Вы же не первый год на рынке. Вы   знаете, что я  Пробавим.",happiness,0.16666666666666666
183,243,../dataset/RESD_csv/test/04_fear_enthusiasm/04_fear_enthusiasm e_010.wav,"Добрый день! Ой, как здорово! Я так долго её ждала! Заходите, пожалуйста."," Ой, как  здорово, я так долгое ждала, а заходить,   пожалуйста.",enthusiasm,0.8333333333333334
184,248,../dataset/RESD_csv/test/enthusiasm_neutral_37/37_enthusiasm_neutral_e_030.wav,А вы где-то уже учились?, Вы  где-то уже учились.,enthusiasm,0.8
185,249,../dataset/RESD_csv/test/neutral_anger_44/44_neutral_anger_n_050.wav,"Мы не принимаем такие деньги, дайте мне другую купюру....либо..."," Мы не принимаем  Такие деньги, дайте мне  Другую купюру.",neutral,0.3333333333333333
186,251,../dataset/RESD_csv/test/05_neutral_fear/05_neutral_fear f_051.wav,"Слушайте, да у него руки в карманах были, и лицо он всё время прячет, и шёл за мной, и так тихо, тихонечко, и... Я даже уже телефон взяла подсветить. Фонари не горят нигде."," Слушай, до универу и в  кармане были и  иглицон с ремаплячат, и шоу за   мной, не так тихо, тихо, тихо, тихо, тихо, тихо, тихо, тихо, тихо, тихо, тихо, тихо, тихо, тихо, тихо, тихо, тихо, тихо, тихо, тихо, тихо, тихо, тихо, тихо, тихо, тихо, тихо, тихо, тихо, тихо, тихо, тихо, тихо, тихо, тихо, тихо, тихо, тихо, тихо, тихо, тихо, тихо, тихо, тихо, тихо, тихо, тихо, тихо, тихо, тихо, тихо, тихо, тихо, тихо, тихо, тихо, тихо, тихо, тихо, тихо, тихо, тихо, тихо, тихо, тихо, тихо, тихо, тихо, тихо, тихо, тихо, тихо, тихо, тихо, тихо, тихо, тихо, тихо, тихо, тихо, тихо, тихо тихо тихо тихо тихо тихо тихо тихо тихо тихо тихо тихо тихо тихо тихо тихо тихо тихо тихо тихо тихо тихо тихо тихо тихо тихо тихо тихо тихо тихо тихо тихо тихо тихо тихо тихо тихо т Я  даже жители фунзела  подсветить   Фонарин не горят, негде.",fear,0.9696969696969697
187,252,../dataset/RESD_csv/test/enthusiasm_neutral_37/37_enthusiasm_neutral_e_020.wav,"Хорошо, какие у вас будут пожелания к нашему занятию?"," Хорошо,  Какие  возбудут пожилания к  нашему занятию.",enthusiasm,0.6666666666666666
188,253,../dataset/RESD_csv/test/01_happiness_anger/01_happiness_anger a_110.wav,"Давай пуляй. Три, два, один!",,anger,0.0
189,255,../dataset/RESD_csv/test/happiness_anger_21/21_happiness_anger_a_070.wav,"Поняла. Тогда мне кофе без сахара, натуральный давайте.", Поняла. Тогда мне    Кофе без  сахара натуральной  давайте.,anger,0.375
190,257,../dataset/RESD_csv/test/enthusiasm_neutral_43/43_enthusiasm_neutral_e_070.wav,"Это вот оклад фиксированный, да?",,enthusiasm,0.0
191,258,../dataset/RESD_csv/test/anger_fear_34/34_anger_fear_a_022.wav,"Куда ты ехала? Куда ты смотришь вообще? Ты когда едешь, ты куда-нибудь смотришь, кроме губной помады своей?",   куда ты  Смотришь вообще. Ты  когда едешь ты  куда-нибудь смотришь кроме губной помады   своей.,anger,0.7647058823529411
192,260,../dataset/RESD_csv/test/happiness_fear_29/29_happiness_fear_f_060.wav,"Ой, что вы говорите? waren", Что вы  говорите?  СМЕХ,fear,0.8
193,264,../dataset/RESD_csv/test/happiness_fear_29/29_happiness_fear_h_060.wav,Не сомневайтесь!,,happiness,0.0
194,265,../dataset/RESD_csv/test/enthusiasm_neutral_37/37_enthusiasm_neutral_n_020.wav,Я хочу научиться ездить по городу., Я хочу научиться  ездить по городу.,neutral,0.0
195,266,../dataset/RESD_csv/test/03_disgust_neutral/03_disgust_neutral d_090.wav,но вы изыскиваете деньги с родителей, Но вы из-за скеваете  Деньги с родителей.,disgust,0.8333333333333334
196,267,../dataset/RESD_csv/test/enthusiasm_neutral_37/37_enthusiasm_neutral_e_120.wav,"Анастасия, сосредоточьтесь, будьте внимательней. С машиной всё в порядке. Она полностью исправна."," А на стасе сосредоточить,   Будьте внимательнее, смашина все в    порядке, а на   полностью исправно.",enthusiasm,1.0
197,268,../dataset/RESD_csv/test/disgust_enthusiasm_28/28_disgust_enthusiasm_d_052.wav,фрезеровать отверстия в нем., Фризировать отверстия в  Внём.,disgust,0.5
198,269,../dataset/RESD_csv/test/09_neutral_happiness/09_neutral_happiness n_060.wav,"Да, это дуб, это настоящее дерево, это не сделано под дуб. Здорово. Вот поэтому я думаю, что вы будете, останетесь довольны."," Да, это  Дуб, это   настоящая дерева это не  сделано  под. Я   думаю, что вы  будете останнить с тобой.",neutral,0.5714285714285714
199,270,../dataset/RESD_csv/test/fear_happiness_30/30_fear_happiness_f_150.wav,"Нет, вы сперва просчитаете, а потом я дам вам добро, может быть и достаетте.","  Нет, вы спир候о, а прощитаете? А   потом я дам вам дам. Да, вам   добро, может    Быть.",fear,0.8571428571428571
200,272,../dataset/RESD_csv/test/enthusiasm_neutral_43/43_enthusiasm_neutral_n_050.wav,Мы вам за этот период не будем ничего платить., Мы вам за этот период не будем   ничего платить.,neutral,0.0
201,273,../dataset/RESD_csv/test/sadness_happiness_49/49_sadness_happiness_s_030.wav,"Мне. Потому что к тебе вот всегда клиенты приезжают на Mercedes, на BMW, на Lexus, а ко мне только девятки и копейки сыпятся. Ну честно говоря, это несправедливо."," Мне  Потому что тебе вот всегда клиенты  приезжает  номер садесах на БВ. на  лексуса, а ко мне   только девятки  Капейки Сипедцы. Ну  Честно говоря, это не  справедливо.",sadness,0.8928571428571429
202,274,../dataset/RESD_csv/test/neutral_enthusiasm_13/13_neutral_enthusiasm_n_030.wav,"Хорошо. У нас есть как раз для этого тариф. Есть 50 гигабайт, 250 минут. Вам идёт?"," Хорошо. У нас  есть как раз для  этого риф. Есть 50  гигабайт, 250 мм. 200-50  минут. Вам   идёт.",neutral,0.25
203,277,../dataset/RESD_csv/test/happiness_neutral_23/23_happiness_neutral_n_100.wav,Я рассмотрю твоё предложение, Ну и рассмотрят вы  Продолжение.,neutral,1.0
204,278,../dataset/RESD_csv/test/sadness_enthusiasm_24/24_sadness_enthusiasm_e_100.wav,Сложно тебе! Я вот не женился и хорошо. Так может быть после бани куда-нибудь?," Сложно тебе, я вот   ниже не им сей  хорошо, так  может быть  После баней куда-нибудь",enthusiasm,0.8571428571428571
205,279,../dataset/RESD_csv/test/04_fear_enthusiasm/04_fear_enthusiasm f_140.wav,"так же как в обычном пульте, просто берешь батарейки и вставляешь. Можете, пожалуйста, все-таки расписаться и отдать деньги?"," Так же как бы быть нам  обычном пути  Фросто  берешь батарейки и  Бутарейки и вставляешь. Может, и  пожалуйста  все-таки расписаться и отдать   Деньги.",fear,0.8888888888888888
